Model,Impl,Split,MAE,RMSE,MAPE,OPE,R2
seasonal_naive,baseline,test,4.801004464285716,6.081300928431585,3627232144.41898,0.0127406683762771,0.648628536029322
historic_avg,baseline,test,8.985741330473996,10.333198712677284,11703820982.414948,0.1500780411310796,-0.0144789992490106
naive,baseline,test,13.133816964285714,15.73117923106847,6194196430.624529,1.4498175058683058,-1.3512351037762178
structural,baseline,test,13.263358870807988,15.86452580572586,6432742520.606204,1.470121852345814,-1.3912649031806548
drift,baseline,test,13.266052207548295,15.86730711471524,6438571356.150251,1.470560094379449,-1.39210343181408
