Model,Impl,Split,MAE,RMSE,MAPE,OPE,R2
LSTM_h1827_in_365_enc64x2,neural,val,3.586651946079816,4.548621120573588,2721470697.120631,0.0077950878753798,0.81818540635683
NHITS_h1827_in_365,neural,val,3.633802470282642,4.633265685702537,3351247827.782603,0.0653584782585454,0.8113557284093112
NBEATS_h1827_in_365,neural,val,3.596953034528175,4.573221380608158,3377013476.9177814,0.0052023279289704,0.816213476422883
NHITS_h1792_in_365,neural,test,3.5722616885585015,4.573223615303409,6763618440.791051,0.12920759679599658,0.8012906175448247
LSTM_h1792_in_365_enc64x2,neural,test,3.5140662064775823,4.4647765541004665,7235003370.40606,0.1176152152802665,0.8106030606305505
NBEATS_h1792_in_365,neural,test,3.552857745112852,4.53929631347928,7437693887.794896,0.1595597574575657,0.8042280055173395
