Model,Impl,Split,MAE,RMSE,MAPE,OPE,R2
ar,statistical,test,8.784733672231745,10.163835497127202,11702728693.39818,0.1975061955111419,0.0185035041138501
ma,statistical,test,8.969723749431918,10.32167786186051,11703589232.653154,0.1520434795626534,-0.0122181028823993
holt_winters,statistical,test,12.40579165622557,15.077762016335024,17673064898.109196,1.2980958700686285,-1.159967751981816
arima,statistical,test,13.036285423704738,15.629939515728905,5970145851.733647,1.4336171750224156,-1.3210692264194166
ses,statistical,test,13.131810093233344,15.72909180838026,6189586466.491021,1.4494827340230536,-1.350611158705353
holt,statistical,test,13.263358870807988,15.86452580572586,6432742520.606204,1.470121852345814,-1.3912649031806548
